[{"name":"Pickup_Boost","subNodes":[{"name":"BoostPad_FXActor","subNodes":[{"name":"StaticMeshComponent_2","StaticMesh":"Pickup_Boost.BoostPad_Small_02_SM","Materials":["Pickup_Boost.BoostPad_LightCone_03_Mat","Pickup_Boost.BoostPad_02_Mat"]}]},{"name":"BoostPill_FXActor","subNodes":[{"name":"StaticMeshComponent_17533","StaticMesh":"Pickup_Boost.BoostPad_Large_Glow","Materials":["Pickup_Boost.BoostPad_Mat","Pickup_Boost.BoostPad_LightCone_03_Mat"]}]}]},{"name":"Archetypes","subNodes":[{"name":"Misc","subNodes":[{"name":"GoalIndicator_Basketball","subNodes":[{"name":"StaticMeshComponent0"}]}]}]},{"name":"TheWorld","subNodes":[{"name":"PersistentLevel","subNodes":[{"name":"DecalBlockingActor_TA","subNodes":[{"name":"StaticMeshComponent_5","StaticMesh":"Proto_BBall.Collision.DecalBlocker","Materials":null}]},{"name":"FXActor_TA","Location":[1536,-1024,0],"subNodes":[{"name":"StaticMeshComponent_22"}]},{"name":"FXActor_TA_1","Location":[-1280,-2304,0],"Rotation":[0,73.12282,0],"subNodes":[{"name":"StaticMeshComponent_23"}]},{"name":"FXActor_TA_10","Location":[2175.992,2944,8.000008],"Rotation":[0,-44.9986572,0],"subNodes":[{"name":"StaticMeshComponent_141"}]},{"name":"FXActor_TA_11","Location":[-511.9999,512,0],"Rotation":[0,404.9879,0],"subNodes":[{"name":"StaticMeshComponent_25"}]},{"name":"FXActor_TA_12","Location":[-1536,1024,0],"Rotation":[0,179.994629,0],"subNodes":[{"name":"StaticMeshComponent_26"}]},{"name":"FXActor_TA_14","Location":[1536,1024,0],"Rotation":[0,179.994629,0],"subNodes":[{"name":"StaticMeshComponent_27"}]},{"name":"FXActor_TA_15","Location":[1280,2304,0],"Rotation":[0,134.995972,0],"subNodes":[{"name":"StaticMeshComponent_28"}]},{"name":"FXActor_TA_16","Location":[0,2816,0],"Rotation":[0,179.994629,0],"subNodes":[{"name":"StaticMeshComponent_29"}]},{"name":"FXActor_TA_18","Location":[512,511.9999,0],"Rotation":[0,314.9906,0],"subNodes":[{"name":"StaticMeshComponent_30"}]},{"name":"FXActor_TA_19","Location":[511.9999,-512,0],"Rotation":[0,224.993286,0],"subNodes":[{"name":"StaticMeshComponent_31"}]},{"name":"FXActor_TA_2","Location":[0,-2816,0],"subNodes":[{"name":"StaticMeshComponent_32"}]},{"name":"FXActor_TA_20","Location":[-512,-511.9999,0],"Rotation":[0,494.985229,0],"subNodes":[{"name":"StaticMeshComponent_33"}]},{"name":"FXActor_TA_24","Location":[-1280,2304,-0.0000076294],"Rotation":[0,-14.06208,0],"subNodes":[{"name":"StaticMeshComponent_34"}]},{"name":"FXActor_TA_3","Location":[-1536,-1024,0],"subNodes":[{"name":"StaticMeshComponent_35"}]},{"name":"FXActor_TA_4","Location":[1280,-2304,0],"Rotation":[0,44.9986572,0],"subNodes":[{"name":"StaticMeshComponent_36"}]},{"name":"FXActor_TA_5","Location":[-2176,2944,8.000008],"Rotation":[0,44.9986572,0],"subNodes":[{"name":"StaticMeshComponent_142"}]},{"name":"FXActor_TA_6","Location":[2176,-2944,8.000008],"Rotation":[0,-14.9958906,0],"subNodes":[{"name":"StaticMeshComponent_143"}]},{"name":"FXActor_TA_7","Location":[-2176,-2943.999,8.000008],"Rotation":[0,14.9849043,0],"subNodes":[{"name":"StaticMeshComponent_144"}]},{"name":"FXActor_TA_8","Location":[-2432,0,8.000008],"Rotation":[0,89.9973145,0],"subNodes":[{"name":"StaticMeshComponent_145"}]},{"name":"FXActor_TA_9","Location":[2432,0,8.000008],"Rotation":[0,-89.9973145,0],"subNodes":[{"name":"StaticMeshComponent_146"}]},{"name":"InterpActor_11","Location":[0,-0.000002,0],"Scale":[1,1,1.5],"subNodes":[{"name":"StaticMeshComponent_30","StaticMesh":"SmallStadium_Assets.Meshes.AdStrip_04","Materials":["FX_General.Mat.CubeMap_HotRing_Mat"]}]},{"name":"InterpActor_3","Location":[0,-0.000002,0],"Scale":[1,1,1.5],"subNodes":[{"name":"StaticMeshComponent_28","StaticMesh":"SmallStadium_Assets.Meshes.AdStrip_02","Materials":["FX_General.Mat.CubeMap_HotRing_Mat"]}]},{"name":"InterpActor_4","Location":[0,-0.000002,0],"Scale":[1,1,1.5],"subNodes":[{"name":"StaticMeshComponent_29","StaticMesh":"SmallStadium_Assets.Meshes.AdStrip_01","Materials":["FX_General.Mat.CubeMap_HotRing_Mat"]}]},{"name":"InterpActor_5","Location":[0,-0.000002,0],"Scale":[1,1,1.5],"subNodes":[{"name":"StaticMeshComponent_27","StaticMesh":"SmallStadium_Assets.Meshes.AdStrip_03","Materials":["FX_General.Mat.CubeMap_HotRing_Mat"]}]},{"name":"MeshCollector0","subNodes":[{"name":"StaticMeshActor_SMC","Translation":[0.000055,0.00007,-2],"Scale":[-0.8100001,0.78,0.9492192],"StaticMesh":"EuroStadium_Assets.Meshes.OOB_Floor","Materials":["City.Materials.Asphalt_Simple_MAT"]},{"name":"StaticMeshActor_SMC_1","Translation":[6143.994,-8192.002,0],"Rotation":[0,89.9973145,0],"StaticMesh":"SmallStadium_Assets.Meshes.Modular.Stadium_Corner_Crowd_06","Materials":["SmallStadium_Assets.Materials.Crowd_Team1_Mic"]},{"name":"StaticMeshActor_SMC_10","Translation":[-6144,-0.000244,0.000122],"StaticMesh":"SmallStadium_Assets.Meshes.Modular.Stadium_Mid_Crowd_02","Materials":["SmallStadium_Assets.Materials.Crowd_Team1_Mic"]},{"name":"StaticMeshActor_SMC_100","Translation":[6143.994,-8192.002,0],"Rotation":[0,89.9973145,0],"StaticMesh":"SmallStadium_Assets.Meshes.Modular.Stadium_Corner_Rail","Materials":["Stadium.Materials.HandRail_UnderGlow_MIC"]},{"name":"StaticMeshActor_SMC_101","Translation":[-6144,-8192,0],"StaticMesh":"SmallStadium_Assets.Meshes.Modular.Stadium_Corner_Base","Materials":["City.Materials.ConcreteTrim_Dark_MAT","City.Materials.ConcreteTrim_Dark_MAT","Stadium.Materials.SeatBase_Mat","Stadium.Materials.Stairs_Lit_MIC"]},{"name":"StaticMeshActor_SMC_102","Translation":[-6144,8191.999,0],"Rotation":[0,-89.9973145,0],"StaticMesh":"SmallStadium_Assets.Meshes.Modular.Stadium_Corner_Base","Materials":["City.Materials.ConcreteTrim_Dark_MAT","City.Materials.ConcreteTrim_Dark_MAT","Stadium.Materials.SeatBase_Mat","Stadium.Materials.Stairs_Lit_MIC"]},{"name":"StaticMeshActor_SMC_103","Translation":[0.002441,-2008.746,1640],"Scale":[0.7,0.7,0.525],"StaticMesh":"Park_Assets.Meshes.LightCone_Team1_Combined","Materials":["FX_Lighting.Materials.LightCone_Team1_MIC"]},{"name":"StaticMeshActor_SMC_104","Translation":[6143.991,8191.973,0],"Rotation":[0,-179.994629,0],"StaticMesh":"SmallStadium_Assets.Meshes.Modular.Stadium_Corner_Base","Materials":["City.Materials.ConcreteTrim_Dark_MAT","City.Materials.ConcreteTrim_Dark_MAT","Stadium.Materials.SeatBase_Mat","Stadium.Materials.Stairs_Lit_MIC"]},{"name":"StaticMeshActor_SMC_105","Translation":[6143.994,-8192.002,0],"Rotation":[0,89.9973145,0],"StaticMesh":"SmallStadium_Assets.Meshes.Modular.Stadium_Corner_Base","Materials":["City.Materials.ConcreteTrim_Dark_MAT","City.Materials.ConcreteTrim_Dark_MAT","Stadium.Materials.SeatBase_Mat","Stadium.Materials.Stairs_Lit_MIC"]},{"name":"StaticMeshActor_SMC_106","Translation":[-6144,-4096,0.000122],"StaticMesh":"SmallStadium_Assets.Meshes.Modular.Stadium_Mid_Base","Materials":["City.Materials.ConcreteTrim_Dark_MAT","City.Materials.ConcreteTrim_Dark_MAT","Stadium.Materials.SeatBase_Mat","Stadium.Materials.Stairs_Lit_MIC"]},{"name":"StaticMeshActor_SMC_107","Translation":[0,0,-64],"Scale":[0.546875,0.65625,0.1640625],"StaticMesh":"FX_General.Meshes.CylinderSheet","Materials":["Wasteland_Assets_B.Materials.FogRing_Mat"]},{"name":"StaticMeshActor_SMC_108","Translation":[-6144,-0.000244,0.000122],"StaticMesh":"SmallStadium_Assets.Meshes.Modular.Stadium_Mid_Base","Materials":["City.Materials.ConcreteTrim_Dark_MAT","City.Materials.ConcreteTrim_Dark_MAT","Stadium.Materials.SeatBase_Mat","Stadium.Materials.Stairs_Lit_MIC"]},{"name":"StaticMeshActor_SMC_109","Translation":[-6144,4096,0.000122],"StaticMesh":"SmallStadium_Assets.Meshes.Modular.Stadium_Mid_Base","Materials":["City.Materials.ConcreteTrim_Dark_MAT","City.Materials.ConcreteTrim_Dark_MAT","Stadium.Materials.SeatBase_Mat","Stadium.Materials.Stairs_Lit_MIC"]},{"name":"StaticMeshActor_SMC_11","Translation":[-6144,4096,0.000122],"StaticMesh":"SmallStadium_Assets.Meshes.Modular.Stadium_Mid_Crowd_02","Materials":["SmallStadium_Assets.Materials.Crowd_Team2_Mic"]},{"name":"StaticMeshActor_SMC_110","Translation":[-2048,8191.999,0.000122],"Rotation":[0,-89.9973145,0],"StaticMesh":"SmallStadium_Assets.Meshes.Modular.Stadium_Mid_Base","Materials":["City.Materials.ConcreteTrim_Dark_MAT","City.Materials.ConcreteTrim_Dark_MAT","Stadium.Materials.SeatBase_Mat","Stadium.Materials.Stairs_Lit_MIC"]},{"name":"StaticMeshActor_SMC_111","Translation":[2048,8191.999,0.000122],"Rotation":[0,-89.9973145,0],"StaticMesh":"SmallStadium_Assets.Meshes.Modular.Stadium_Mid_Base","Materials":["City.Materials.ConcreteTrim_Dark_MAT","City.Materials.ConcreteTrim_Dark_MAT","Stadium.Materials.SeatBase_Mat","Stadium.Materials.Stairs_Lit_MIC"]},{"name":"StaticMeshActor_SMC_112","Translation":[6143.999,4095.994,0.000122],"Rotation":[0,-179.994629,0],"StaticMesh":"SmallStadium_Assets.Meshes.Modular.Stadium_Mid_Base","Materials":["City.Materials.ConcreteTrim_Dark_MAT","City.Materials.ConcreteTrim_Dark_MAT","Stadium.Materials.SeatBase_Mat","Stadium.Materials.Stairs_Lit_MIC"]},{"name":"StaticMeshActor_SMC_113","Translation":[6143.998,-0.007629,0.000122],"Rotation":[0,-179.994629,0],"StaticMesh":"SmallStadium_Assets.Meshes.Modular.Stadium_Mid_Base","Materials":["City.Materials.ConcreteTrim_Dark_MAT","City.Materials.ConcreteTrim_Dark_MAT","Stadium.Materials.SeatBase_Mat","Stadium.Materials.Stairs_Lit_MIC"]},{"name":"StaticMeshActor_SMC_114","Translation":[6143.992,-4096.008,0.000122],"Rotation":[0,-179.994629,0],"StaticMesh":"SmallStadium_Assets.Meshes.Modular.Stadium_Mid_Base","Materials":["City.Materials.ConcreteTrim_Dark_MAT","City.Materials.ConcreteTrim_Dark_MAT","Stadium.Materials.SeatBase_Mat","Stadium.Materials.Stairs_Lit_MIC"]},{"name":"StaticMeshActor_SMC_116","Translation":[2047.998,-8192.001,0.000122],"Rotation":[0,89.9973145,0],"StaticMesh":"SmallStadium_Assets.Meshes.Modular.Stadium_Mid_Base","Materials":["City.Materials.ConcreteTrim_Dark_MAT","City.Materials.ConcreteTrim_Dark_MAT","Stadium.Materials.SeatBase_Mat","Stadium.Materials.Stairs_Lit_MIC"]},{"name":"StaticMeshActor_SMC_117","Translation":[-2048,-8192,0.000122],"Rotation":[0,89.9973145,0],"StaticMesh":"SmallStadium_Assets.Meshes.Modular.Stadium_Mid_Base","Materials":["City.Materials.ConcreteTrim_Dark_MAT","City.Materials.ConcreteTrim_Dark_MAT","Stadium.Materials.SeatBase_Mat","Stadium.Materials.Stairs_Lit_MIC"]},{"name":"StaticMeshActor_SMC_118","Translation":[2047.998,-8192.001,0.000122],"Rotation":[0,89.9973145,0],"StaticMesh":"SmallStadium_Assets.Meshes.Modular.Stadium_Mid_Rail","Materials":["Stadium.Materials.HandRail_UnderGlow_MIC"]},{"name":"StaticMeshActor_SMC_119","Translation":[-0.001808,-8192.001,0.000122],"Rotation":[0,89.9973145,0],"StaticMesh":"SmallStadium_Assets.Meshes.Modular.Stadium_Mid_Rail_Trans","Materials":["Stadium.Materials.HandRail_UnderGlow_MIC"]},{"name":"StaticMeshActor_SMC_12","Translation":[-6144,8191.999,0],"Rotation":[0,-89.9973145,0],"StaticMesh":"SmallStadium_Assets.Meshes.Modular.Stadium_Corner_Crowd_06","Materials":["SmallStadium_Assets.Materials.Crowd_Team2_Mic"]},{"name":"StaticMeshActor_SMC_120","Translation":[-0.001808,8191.998,0.000122],"Rotation":[0,-89.9973145,0],"StaticMesh":"SmallStadium_Assets.Meshes.Modular.Stadium_Mid_Rail_Trans","Materials":["Stadium.Materials.HandRail_UnderGlow_MIC"]},{"name":"StaticMeshActor_SMC_122","Translation":[6143.998,2047.999,0.000122],"Rotation":[0,-179.994629,0],"StaticMesh":"SmallStadium_Assets.Meshes.Modular.Stadium_Mid_Rail_Trans","Materials":["Stadium.Materials.HandRail_UnderGlow_MIC"]},{"name":"StaticMeshActor_SMC_123","Translation":[6143.998,-2048.001,0.000122],"Rotation":[0,-179.994629,0],"StaticMesh":"SmallStadium_Assets.Meshes.Modular.Stadium_Mid_Rail_Trans","Materials":["Stadium.Materials.HandRail_UnderGlow_MIC"]},{"name":"StaticMeshActor_SMC_127","Translation":[0,6272,1280],"Rotation":[56.24832,-89.9973145,0],"Scale":[24,36,12],"StaticMesh":"FX_General.Meshes.Circle_Sprite","Materials":["FX_General.Mat.FogSheet_Additive_Team2_MIC"]},{"name":"StaticMeshActor_SMC_13","Translation":[-2048,8191.999,0.000122],"Rotation":[0,-89.9973145,0],"StaticMesh":"SmallStadium_Assets.Meshes.Modular.Stadium_Mid_Crowd_02","Materials":["SmallStadium_Assets.Materials.Crowd_Team2_Mic"]},{"name":"StaticMeshActor_SMC_137","Translation":[-6144,-0.000244,0.000122],"StaticMesh":"SmallStadium_Assets.Meshes.Modular.Stadium_Mid_Ads","Materials":["Adverts.Materials.Advert_Strip_Mat"]},{"name":"StaticMeshActor_SMC_138","Translation":[-10818.39,6394.627,11262.96],"Rotation":[0,-177.028412,0],"Scale":[0.3,0.3,0.3],"StaticMesh":"Stadium_CountryFlags.Meshes.Flag_NoPole_Vertical","Materials":null},{"name":"StaticMeshActor_SMC_14","Translation":[2048,8191.999,0.000122],"Rotation":[0,-89.9973145,0],"StaticMesh":"SmallStadium_Assets.Meshes.Modular.Stadium_Mid_Crowd_02","Materials":["SmallStadium_Assets.Materials.Crowd_Team2_Mic"]},{"name":"StaticMeshActor_SMC_15","Translation":[-6144,-4096,0.000122],"StaticMesh":"SmallStadium_Assets.Meshes.Modular.Stadium_Mid_Ads","Materials":["Adverts.Materials.Advert_Strip_Mat"]},{"name":"StaticMeshActor_SMC_16","Translation":[0.000854,0,0],"StaticMesh":"SmallStadium_Assets.Meshes.Lines_Basketball","Materials":["SmallStadium_Assets.Materials.PaintedLine_MIC","SmallStadium_Assets.Materials.PaintedLine_Dotted_MIC"]},{"name":"StaticMeshActor_SMC_17","Translation":[-6144,4096,0.000122],"StaticMesh":"SmallStadium_Assets.Meshes.Modular.Stadium_Mid_Ads","Materials":["Adverts.Materials.Advert_Strip_Mat"]},{"name":"StaticMeshActor_SMC_18","Translation":[-2048,8191.999,0.000122],"Rotation":[0,-89.9973145,0],"StaticMesh":"SmallStadium_Assets.Meshes.Modular.Stadium_Mid_Ads","Materials":["Adverts.Materials.Advert_Strip_Mat"]},{"name":"StaticMeshActor_SMC_19","Translation":[2048,8191.999,0.000122],"Rotation":[0,-89.9973145,0],"StaticMesh":"SmallStadium_Assets.Meshes.Modular.Stadium_Mid_Ads","Materials":["Adverts.Materials.Advert_Strip_Mat"]},{"name":"StaticMeshActor_SMC_2","Translation":[-2048,-8192,0.000122],"Rotation":[0,89.9973145,0],"StaticMesh":"SmallStadium_Assets.Meshes.Modular.Stadium_Mid_Crowd_02","Materials":["SmallStadium_Assets.Materials.Crowd_Team1_Mic"]},{"name":"StaticMeshActor_SMC_20","Translation":[6143.999,4095.994,0.000122],"Rotation":[0,-179.994629,0],"StaticMesh":"SmallStadium_Assets.Meshes.Modular.Stadium_Mid_Ads","Materials":["Adverts.Materials.Advert_Strip_Mat"]},{"name":"StaticMeshActor_SMC_21","Translation":[6143.998,-0.00769,0.000122],"Rotation":[0,-179.994629,0],"StaticMesh":"SmallStadium_Assets.Meshes.Modular.Stadium_Mid_Ads","Materials":["Adverts.Materials.Advert_Strip_Mat"]},{"name":"StaticMeshActor_SMC_22","Translation":[6143.992,-4096.008,0.000122],"Rotation":[0,-179.994629,0],"StaticMesh":"SmallStadium_Assets.Meshes.Modular.Stadium_Mid_Ads","Materials":["Adverts.Materials.Advert_Strip_Mat"]},{"name":"StaticMeshActor_SMC_23","Translation":[2047.998,-8192.001,0.000122],"Rotation":[0,89.9973145,0],"StaticMesh":"SmallStadium_Assets.Meshes.Modular.Stadium_Mid_Ads","Materials":["Adverts.Materials.Advert_Strip_Mat"]},{"name":"StaticMeshActor_SMC_24","Translation":[-2048,-8192,0.000122],"Rotation":[0,89.9973145,0],"StaticMesh":"SmallStadium_Assets.Meshes.Modular.Stadium_Mid_Ads","Materials":["Adverts.Materials.Advert_Strip_Mat"]},{"name":"StaticMeshActor_SMC_25","Translation":[-6144,-4096,0.000122],"StaticMesh":"SmallStadium_Assets.Meshes.Modular.Stadium_Mid_Crowd_01","Materials":["SmallStadium_Assets.Materials.Crowd_Team1_Mic"]},{"name":"StaticMeshActor_SMC_26","Translation":[-6144,-0.000244,0.000122],"StaticMesh":"SmallStadium_Assets.Meshes.Modular.Stadium_Mid_Crowd_01","Materials":["SmallStadium_Assets.Materials.Crowd_Team1_Mic"]},{"name":"StaticMeshActor_SMC_27","Translation":[-6144,4096,0.000122],"StaticMesh":"SmallStadium_Assets.Meshes.Modular.Stadium_Mid_Crowd_01","Materials":["SmallStadium_Assets.Materials.Crowd_Team2_Mic"]},{"name":"StaticMeshActor_SMC_28","Translation":[-2048,8191.999,0.000122],"Rotation":[0,-89.9973145,0],"StaticMesh":"SmallStadium_Assets.Meshes.Modular.Stadium_Mid_Crowd_01","Materials":["SmallStadium_Assets.Materials.Crowd_Team2_Mic"]},{"name":"StaticMeshActor_SMC_29","Translation":[2048,8191.999,0.000122],"Rotation":[0,-89.9973145,0],"StaticMesh":"SmallStadium_Assets.Meshes.Modular.Stadium_Mid_Crowd_01","Materials":["SmallStadium_Assets.Materials.Crowd_Team2_Mic"]},{"name":"StaticMeshActor_SMC_3","Translation":[6143.999,4095.994,0.000122],"Rotation":[0,-179.994629,0],"StaticMesh":"SmallStadium_Assets.Meshes.Modular.Stadium_Mid_Crowd_02","Materials":["SmallStadium_Assets.Materials.Crowd_Team2_Mic"]},{"name":"StaticMeshActor_SMC_30","Translation":[6143.999,4095.994,0.000122],"Rotation":[0,-179.994629,0],"StaticMesh":"SmallStadium_Assets.Meshes.Modular.Stadium_Mid_Crowd_01","Materials":["SmallStadium_Assets.Materials.Crowd_Team2_Mic"]},{"name":"StaticMeshActor_SMC_31","Translation":[6143.998,-0.007629,0.000122],"Rotation":[0,-179.994629,0],"StaticMesh":"SmallStadium_Assets.Meshes.Modular.Stadium_Mid_Crowd_01","Materials":["SmallStadium_Assets.Materials.Crowd_Team2_Mic"]},{"name":"StaticMeshActor_SMC_32","Translation":[6143.992,-4096.008,0.000122],"Rotation":[0,-179.994629,0],"StaticMesh":"SmallStadium_Assets.Meshes.Modular.Stadium_Mid_Crowd_01","Materials":["SmallStadium_Assets.Materials.Crowd_Team1_Mic"]},{"name":"StaticMeshActor_SMC_33","Translation":[2047.998,-8192.001,0.000122],"Rotation":[0,89.9973145,0],"StaticMesh":"SmallStadium_Assets.Meshes.Modular.Stadium_Mid_Crowd_01","Materials":["SmallStadium_Assets.Materials.Crowd_Team1_Mic"]},{"name":"StaticMeshActor_SMC_34","Translation":[-2048,-8192,0.000122],"Rotation":[0,89.9973145,0],"StaticMesh":"SmallStadium_Assets.Meshes.Modular.Stadium_Mid_Crowd_01","Materials":["SmallStadium_Assets.Materials.Crowd_Team1_Mic"]},{"name":"StaticMeshActor_SMC_39","Translation":[-6144,-8192,0],"StaticMesh":"SmallStadium_Assets.Meshes.Modular.Stadium_Corner_Crowd_01","Materials":["SmallStadium_Assets.Materials.Crowd_Team1_Mic"]},{"name":"StaticMeshActor_SMC_4","Translation":[6143.998,-0.00769,0.000122],"Rotation":[0,-179.994629,0],"StaticMesh":"SmallStadium_Assets.Meshes.Modular.Stadium_Mid_Crowd_02","Materials":["SmallStadium_Assets.Materials.Crowd_Team2_Mic"]},{"name":"StaticMeshActor_SMC_40","Scale":[1.375,1.375,1.375],"StaticMesh":"SmallStadium_Assets.Meshes.Stadium_Roof","Materials":["SmallStadium_Assets.Materials.StadiumRoof_Mat"]},{"name":"StaticMeshActor_SMC_41","Translation":[-6144,8191.999,0],"Rotation":[0,-89.9973145,0],"StaticMesh":"SmallStadium_Assets.Meshes.Modular.Stadium_Corner_Crowd_01","Materials":["SmallStadium_Assets.Materials.Crowd_Team2_Mic"]},{"name":"StaticMeshActor_SMC_42","Translation":[6143.991,8191.973,0],"Rotation":[0,-179.994629,0],"StaticMesh":"SmallStadium_Assets.Meshes.Modular.Stadium_Corner_Crowd_01","Materials":["SmallStadium_Assets.Materials.Crowd_Team2_Mic"]},{"name":"StaticMeshActor_SMC_44","Translation":[-6144,-8192,0],"StaticMesh":"SmallStadium_Assets.Meshes.Modular.Stadium_Corner_Crowd_02","Materials":["SmallStadium_Assets.Materials.Crowd_Team1_Mic"]},{"name":"StaticMeshActor_SMC_45","Translation":[-6144,8191.999,0],"Rotation":[0,-89.9973145,0],"StaticMesh":"SmallStadium_Assets.Meshes.Modular.Stadium_Corner_Crowd_02","Materials":["SmallStadium_Assets.Materials.Crowd_Team2_Mic"]},{"name":"StaticMeshActor_SMC_46","Translation":[-6144,-4096,0.000122],"StaticMesh":"SmallStadium_Assets.Meshes.Modular.Stadium_Mid_Rail","Materials":["Stadium.Materials.HandRail_UnderGlow_MIC"]},{"name":"StaticMeshActor_SMC_47","Translation":[-6144,-0.000237,0.000122],"StaticMesh":"SmallStadium_Assets.Meshes.Modular.Stadium_Mid_Rail","Materials":["Stadium.Materials.HandRail_UnderGlow_MIC"]},{"name":"StaticMeshActor_SMC_48","Translation":[-6144,4096,0.000122],"StaticMesh":"SmallStadium_Assets.Meshes.Modular.Stadium_Mid_Rail","Materials":["Stadium.Materials.HandRail_UnderGlow_MIC"]},{"name":"StaticMeshActor_SMC_49","Translation":[-2048,8191.999,0.000122],"Rotation":[0,-89.9973145,0],"StaticMesh":"SmallStadium_Assets.Meshes.Modular.Stadium_Mid_Rail","Materials":["Stadium.Materials.HandRail_UnderGlow_MIC"]},{"name":"StaticMeshActor_SMC_5","Translation":[6143.991,8191.973,0],"Rotation":[0,-179.994629,0],"StaticMesh":"SmallStadium_Assets.Meshes.Modular.Stadium_Corner_Crowd_06","Materials":["SmallStadium_Assets.Materials.Crowd_Team2_Mic"]},{"name":"StaticMeshActor_SMC_50","Translation":[2048,8191.999,0.000122],"Rotation":[0,-89.9973145,0],"StaticMesh":"SmallStadium_Assets.Meshes.Modular.Stadium_Mid_Rail","Materials":["Stadium.Materials.HandRail_UnderGlow_MIC"]},{"name":"StaticMeshActor_SMC_51","Translation":[6143.999,4095.994,0.000122],"Rotation":[0,-179.994629,0],"StaticMesh":"SmallStadium_Assets.Meshes.Modular.Stadium_Mid_Rail","Materials":["Stadium.Materials.HandRail_UnderGlow_MIC"]},{"name":"StaticMeshActor_SMC_52","Translation":[6143.998,-0.007622,0.000122],"Rotation":[0,-179.994629,0],"StaticMesh":"SmallStadium_Assets.Meshes.Modular.Stadium_Mid_Rail","Materials":["Stadium.Materials.HandRail_UnderGlow_MIC"]},{"name":"StaticMeshActor_SMC_53","Translation":[0,0,-2048],"Scale":[1.25,1.25,1.25],"StaticMesh":"SmallStadium_Assets.Meshes.Jumbotron","Materials":["Adverts.Materials.2x1_B_MIC"]},{"name":"StaticMeshActor_SMC_54","Translation":[6143.992,-4096.008,0.000122],"Rotation":[0,-179.994629,0],"StaticMesh":"SmallStadium_Assets.Meshes.Modular.Stadium_Mid_Rail","Materials":["Stadium.Materials.HandRail_UnderGlow_MIC"]},{"name":"StaticMeshActor_SMC_55","Translation":[6143.991,8191.973,0],"Rotation":[0,-179.994629,0],"StaticMesh":"SmallStadium_Assets.Meshes.Modular.Stadium_Corner_Crowd_02","Materials":["SmallStadium_Assets.Materials.Crowd_Team2_Mic"]},{"name":"StaticMeshActor_SMC_56","Translation":[6143.994,-8192.002,0],"Rotation":[0,89.9973145,0],"StaticMesh":"SmallStadium_Assets.Meshes.Modular.Stadium_Corner_Crowd_02","Materials":["SmallStadium_Assets.Materials.Crowd_Team1_Mic"]},{"name":"StaticMeshActor_SMC_57","Translation":[-6144.002,2047.999,0.000122],"StaticMesh":"SmallStadium_Assets.Meshes.Modular.Stadium_Mid_Rail_Trans","Materials":["Stadium.Materials.HandRail_UnderGlow_MIC"]},{"name":"StaticMeshActor_SMC_58","Translation":[-2048,-8192,0.000122],"Rotation":[0,89.9973145,0],"StaticMesh":"SmallStadium_Assets.Meshes.Modular.Stadium_Mid_Rail","Materials":["Stadium.Materials.HandRail_UnderGlow_MIC"]},{"name":"StaticMeshActor_SMC_59","Translation":[-6144,-8192,0],"StaticMesh":"SmallStadium_Assets.Meshes.Modular.Stadium_Corner_Rail","Materials":["Stadium.Materials.HandRail_UnderGlow_MIC"]},{"name":"StaticMeshActor_SMC_6","Translation":[6143.992,-4096.008,0.000122],"Rotation":[0,-179.994629,0],"StaticMesh":"SmallStadium_Assets.Meshes.Modular.Stadium_Mid_Crowd_02","Materials":["SmallStadium_Assets.Materials.Crowd_Team1_Mic"]},{"name":"StaticMeshActor_SMC_60","Translation":[0.000313,-0.001053,-511.9999],"Rotation":[0,0,-179.994629],"Scale":[512,512,512],"StaticMesh":"FX_General.Meshes.Quad_Z","Materials":null},{"name":"StaticMeshActor_SMC_61","StaticMesh":"SmallStadium_Assets.Meshes.Roof_Center","Materials":["City.Materials.ConcreteTrim_Dark_MAT","City.Materials.ConcreteTrim_Dark_MAT","City.Materials.ConcreteTrim_Dark_MAT"]},{"name":"StaticMeshActor_SMC_63","Translation":[0.000008,-0.000008,3840],"Rotation":[0,0,-179.994629],"Scale":[13,13,13],"StaticMesh":"FX_General.Meshes.Quad_Z","Materials":["MENU_Main_Assets.Materials.DarkMetal_Simple_Mat"]},{"name":"StaticMeshActor_SMC_66","Translation":[-6144,-8192,0],"StaticMesh":"SmallStadium_Assets.Meshes.Modular.Stadium_Corner_Crowd_03","Materials":["SmallStadium_Assets.Materials.Crowd_Team1_Mic"]},{"name":"StaticMeshActor_SMC_7","Translation":[2047.998,-8192.001,0.000122],"Rotation":[0,89.9973145,0],"StaticMesh":"SmallStadium_Assets.Meshes.Modular.Stadium_Mid_Crowd_02","Materials":["SmallStadium_Assets.Materials.Crowd_Team1_Mic"]},{"name":"StaticMeshActor_SMC_71","Translation":[-6144,8191.999,0],"Rotation":[0,-89.9973145,0],"StaticMesh":"SmallStadium_Assets.Meshes.Modular.Stadium_Corner_Crowd_03","Materials":["SmallStadium_Assets.Materials.Crowd_Team2_Mic"]},{"name":"StaticMeshActor_SMC_77","Translation":[6143.991,8191.973,0],"Rotation":[0,-179.994629,0],"StaticMesh":"SmallStadium_Assets.Meshes.Modular.Stadium_Corner_Crowd_03","Materials":["SmallStadium_Assets.Materials.Crowd_Team2_Mic"]},{"name":"StaticMeshActor_SMC_8","Translation":[-6144,-8192,0],"StaticMesh":"SmallStadium_Assets.Meshes.Modular.Stadium_Corner_Crowd_06","Materials":["SmallStadium_Assets.Materials.Crowd_Team1_Mic"]},{"name":"StaticMeshActor_SMC_82","Translation":[0,-6272,1280],"Rotation":[56.24832,89.9973145,0],"Scale":[24,36,12],"StaticMesh":"FX_General.Meshes.Circle_Sprite","Materials":["FX_General.Mat.FogSheet_Additive_Team1_MIC"]},{"name":"StaticMeshActor_SMC_86","Translation":[0,0.000463,7024],"Rotation":[-89.9973145,0,-89.9973145],"Scale":[40,40,50],"StaticMesh":"FX_General.Meshes.Circle_Sprite","Materials":["Proto_BBall.Materials.FogSheet_Additive_Mat"]},{"name":"StaticMeshActor_SMC_87","Translation":[-10867.95,7347.657,11158.66],"Rotation":[0,-177.028412,0],"Scale":[0.3,0.3,0.3],"StaticMesh":"Stadium_CountryFlags.Meshes.Flag_NoPole_Vertical","Materials":null},{"name":"StaticMeshActor_SMC_89","Translation":[-6144,8191.999,0],"Rotation":[0,-89.9973145,0],"StaticMesh":"SmallStadium_Assets.Meshes.Modular.Stadium_Corner_Rail","Materials":["Stadium.Materials.HandRail_UnderGlow_MIC"]},{"name":"StaticMeshActor_SMC_9","Translation":[-6144,-4096,0.000122],"StaticMesh":"SmallStadium_Assets.Meshes.Modular.Stadium_Mid_Crowd_02","Materials":["SmallStadium_Assets.Materials.Crowd_Team1_Mic"]},{"name":"StaticMeshActor_SMC_90","Translation":[6143.994,-8192.002,0],"Rotation":[0,89.9973145,0],"StaticMesh":"SmallStadium_Assets.Meshes.Modular.Stadium_Corner_Crowd_03","Materials":["SmallStadium_Assets.Materials.Crowd_Team1_Mic"]},{"name":"StaticMeshActor_SMC_91","Translation":[-6144,-8192,0],"StaticMesh":"SmallStadium_Assets.Meshes.Modular.Stadium_Corner_Crowd_04","Materials":["SmallStadium_Assets.Materials.Crowd_Team1_Mic"]},{"name":"StaticMeshActor_SMC_92","Translation":[0.002441,2008.748,1640],"Scale":[0.7,0.7,0.525],"StaticMesh":"Park_Assets.Meshes.LightCone_Team2_Combined","Materials":["FX_Lighting.Materials.LightCone_Team2_MIC"]},{"name":"StaticMeshActor_SMC_93","Translation":[6143.991,8191.973,0],"Rotation":[0,-179.994629,0],"StaticMesh":"SmallStadium_Assets.Meshes.Modular.Stadium_Corner_Crowd_04","Materials":["SmallStadium_Assets.Materials.Crowd_Team2_Mic"]},{"name":"StaticMeshActor_SMC_94","Translation":[6143.994,-8192.002,0],"Rotation":[0,89.9973145,0],"StaticMesh":"SmallStadium_Assets.Meshes.Modular.Stadium_Corner_Crowd_04","Materials":["SmallStadium_Assets.Materials.Crowd_Team1_Mic"]},{"name":"StaticMeshActor_SMC_95","Translation":[-6144,-8192,0],"StaticMesh":"SmallStadium_Assets.Meshes.Modular.Stadium_Corner_Crowd_05","Materials":["SmallStadium_Assets.Materials.Crowd_Team1_Mic"]},{"name":"StaticMeshActor_SMC_96","Translation":[-6144,8191.999,0],"Rotation":[0,-89.9973145,0],"StaticMesh":"SmallStadium_Assets.Meshes.Modular.Stadium_Corner_Crowd_05","Materials":["SmallStadium_Assets.Materials.Crowd_Team2_Mic"]},{"name":"StaticMeshActor_SMC_97","Translation":[6143.991,8191.973,0],"Rotation":[0,-179.994629,0],"StaticMesh":"SmallStadium_Assets.Meshes.Modular.Stadium_Corner_Crowd_05","Materials":["SmallStadium_Assets.Materials.Crowd_Team2_Mic"]},{"name":"StaticMeshActor_SMC_98","Translation":[6143.994,-8192.002,0],"Rotation":[0,89.9973145,0],"StaticMesh":"SmallStadium_Assets.Meshes.Modular.Stadium_Corner_Crowd_05","Materials":["SmallStadium_Assets.Materials.Crowd_Team1_Mic"]},{"name":"StaticMeshActor_SMC_99","Translation":[6143.991,8191.973,0],"Rotation":[0,-179.994629,0],"StaticMesh":"SmallStadium_Assets.Meshes.Modular.Stadium_Corner_Rail","Materials":["Stadium.Materials.HandRail_UnderGlow_MIC"]}]},{"name":"MeshCollector1","subNodes":[{"name":"StaticMeshActor_SMC_121","Translation":[0.001938,-2816,0],"StaticMesh":"Pickup_Boost.BoostPad_Small","Materials":["Pickup_Boost.Materials.BoostPad_Small_MIC"]},{"name":"StaticMeshActor_SMC_128","Translation":[-1280,2304,0],"Rotation":[0,-14.06208,0],"Scale":[-1,1,1],"StaticMesh":"Pickup_Boost.BoostPad_Small","Materials":["Pickup_Boost.Materials.BoostPad_Small_MIC"]},{"name":"StaticMeshActor_SMC_130","StaticMesh":"Proto_BBall.SM.BBall_Walls_03","Materials":["Graybox_Assets.Materials.NetNonmove_Mat"]},{"name":"StaticMeshActor_SMC_131","StaticMesh":"Proto_BBall.SM.BBall_OriginalLattice","Materials":["Graybox_Assets.Materials.ForceFieldCage_Solid_Mat"]},{"name":"StaticMeshActor_SMC_133","Translation":[0,0,-8],"StaticMesh":"Proto_BBall.SM.BBall_FloorOuterTrim_01","Materials":["Proto_BBall.Materials.BBall_DarkMetal_Mat"]},{"name":"StaticMeshActor_SMC_134","Translation":[3216,-703.9999,0],"StaticMesh":"Proto_BBall.SM.BBall_FoamAd_01","Materials":["Adverts.Materials.2x1_B_MIC","Proto_BBall.Materials.BBall_DarkMetal_Mat"],"InvisiTekMaterials":["Stadium_Hoops_IVTK.BBall_DarkMetal_MIC_IVTK"]},{"name":"StaticMeshActor_SMC_150","Translation":[3216,1648,0],"StaticMesh":"Proto_BBall.SM.BBall_FoamAd_01","Materials":["Adverts.Materials.2x1_B_MIC","Proto_BBall.Materials.BBall_DarkMetal_Mat"],"InvisiTekMaterials":["Stadium_Hoops_IVTK.BBall_DarkMetal_MIC_IVTK"]},{"name":"StaticMeshActor_SMC_151","Translation":[3216,704,0],"StaticMesh":"Proto_BBall.SM.BBall_FoamAd_01","Materials":["Adverts.Materials.2x1_B_MIC","Proto_BBall.Materials.BBall_DarkMetal_Mat"],"InvisiTekMaterials":["Stadium_Hoops_IVTK.BBall_DarkMetal_MIC_IVTK"]},{"name":"StaticMeshActor_SMC_152","Translation":[-3216,1648,0],"Rotation":[0,-179.994629,0],"StaticMesh":"Proto_BBall.SM.BBall_FoamAd_01","Materials":["Adverts.Materials.2x1_B_MIC","Proto_BBall.Materials.BBall_DarkMetal_Mat"],"InvisiTekMaterials":["Stadium_Hoops_IVTK.BBall_DarkMetal_MIC_IVTK"]},{"name":"StaticMeshActor_SMC_153","Translation":[-3216,703.9999,0],"Rotation":[0,-179.994629,0],"StaticMesh":"Proto_BBall.SM.BBall_FoamAd_01","Materials":["Adverts.Materials.2x1_B_MIC","Proto_BBall.Materials.BBall_DarkMetal_Mat"],"InvisiTekMaterials":["Stadium_Hoops_IVTK.BBall_DarkMetal_MIC_IVTK"]},{"name":"StaticMeshActor_SMC_154","Translation":[-3216,-703.9999,0],"Rotation":[0,-179.994629,0],"StaticMesh":"Proto_BBall.SM.BBall_FoamAd_01","Materials":["Adverts.Materials.2x1_B_MIC","Proto_BBall.Materials.BBall_DarkMetal_Mat"],"InvisiTekMaterials":["Stadium_Hoops_IVTK.BBall_DarkMetal_MIC_IVTK"]},{"name":"StaticMeshActor_SMC_155","Translation":[-3216,-1648,0],"Rotation":[0,-179.994629,0],"StaticMesh":"Proto_BBall.SM.BBall_FoamAd_01","Materials":["Adverts.Materials.2x1_B_MIC","Proto_BBall.Materials.BBall_DarkMetal_Mat"],"InvisiTekMaterials":["Stadium_Hoops_IVTK.BBall_DarkMetal_MIC_IVTK"]},{"name":"StaticMeshActor_SMC_156","Translation":[0,-2838,169],"Rotation":[0,89.9973145,0],"StaticMesh":"Proto_BBall.SM.BBall_HoopNet_02","Materials":["Proto_BBall.Materials.BBall_Net_MAT_INST"]},{"name":"StaticMeshActor_SMC_157","Translation":[0,2838,169],"Rotation":[0,-89.9973145,0],"StaticMesh":"Proto_BBall.SM.BBall_HoopNet_02","Materials":["Proto_BBall.Materials.BBall_Net_MAT_INST"]},{"name":"StaticMeshActor_SMC_187","Rotation":[0,-179.994629,0],"StaticMesh":"Proto_BBall.SM.BBall_Edges_01","Materials":["Proto_BBall.Materials.MIC_DarkGlass","Proto_BBall.Materials.MIC_DarkGlass"],"InvisiTekMaterials":["Stadium_Hoops_IVTK.MIC_DarkGlass_IVTK"]},{"name":"StaticMeshActor_SMC_188","Scale":[-1,1,1],"StaticMesh":"Proto_BBall.SM.BBall_Edges_01","Materials":["Proto_BBall.Materials.MIC_DarkGlass","Proto_BBall.Materials.MIC_DarkGlass"],"InvisiTekMaterials":["Stadium_Hoops_IVTK.MIC_DarkGlass_IVTK"]},{"name":"StaticMeshActor_SMC_189","StaticMesh":"Proto_BBall.SM.BBall_Edges_01","Materials":["Proto_BBall.Materials.MIC_DarkGlass","Proto_BBall.Materials.MIC_DarkGlass"],"InvisiTekMaterials":["Stadium_Hoops_IVTK.MIC_DarkGlass_IVTK"]},{"name":"StaticMeshActor_SMC_198","Rotation":[0,-179.994629,0],"Scale":[-1,1,1],"StaticMesh":"Proto_BBall.SM.BBall_Edges_01","Materials":["Proto_BBall.Materials.MIC_DarkGlass","Proto_BBall.Materials.MIC_DarkGlass"],"InvisiTekMaterials":["Stadium_Hoops_IVTK.MIC_DarkGlass_IVTK"]},{"name":"StaticMeshActor_SMC_206","StaticMesh":"Proto_BBall.SM.BBall_HoopRim_02","Materials":["Proto_BBall.Materials.BBall_Rim2_MAT_INST","Labs_Assets.Materials.MAT_Labs_PitchTrim"],"InvisiTekMaterials":["Stadium_Hoops_IVTK.BBall_Rim2_MAT_INST_IVTK"]},{"name":"StaticMeshActor_SMC_224","Translation":[0.001942,2816,0],"Rotation":[0,-179.994629,0],"StaticMesh":"Pickup_Boost.BoostPad_Small","Materials":["Pickup_Boost.Materials.BoostPad_Small_MIC"]},{"name":"StaticMeshActor_SMC_232","Translation":[-512,-511.9999,0],"Rotation":[0,134.995972,0],"StaticMesh":"Pickup_Boost.BoostPad_Small","Materials":["Pickup_Boost.Materials.BoostPad_Small_MIC"]},{"name":"StaticMeshActor_SMC_35","StaticMesh":"Proto_BBall.SM.BBallFloor01","Materials":["Proto_BBall.Materials.WoodFloor_Corrected_Mat_INST"]},{"name":"StaticMeshActor_SMC_37","StaticMesh":"Proto_BBall.SM.BBallRim01","Materials":["Proto_BBall.Materials.OLDCosmicGlass1_INST"]},{"name":"StaticMeshActor_SMC_38","Translation":[1280,2304,0],"Rotation":[0,14.06208,0],"StaticMesh":"Pickup_Boost.BoostPad_Small","Materials":["Pickup_Boost.Materials.BoostPad_Small_MIC"]},{"name":"StaticMeshActor_SMC_43","Translation":[3216,-1648,0],"StaticMesh":"Proto_BBall.SM.BBall_FoamAd_01","Materials":["Adverts.Materials.2x1_B_MIC","Proto_BBall.Materials.BBall_DarkMetal_Mat"],"InvisiTekMaterials":["Stadium_Hoops_IVTK.BBall_DarkMetal_MIC_IVTK"]},{"name":"StaticMeshActor_SMC_62","StaticMesh":"Proto_BBall.SM.BBall_CornerLattice_01","Materials":["Graybox_Assets.Materials.ForceFieldCage_Solid_Mat"]},{"name":"StaticMeshActor_SMC_64","Translation":[511.9999,-512,0],"Rotation":[0,-134.995972,0],"StaticMesh":"Pickup_Boost.BoostPad_Small","Materials":["Pickup_Boost.Materials.BoostPad_Small_MIC"]},{"name":"StaticMeshActor_SMC_65","Translation":[512,511.9999,0],"Rotation":[0,-44.9986572,0],"StaticMesh":"Pickup_Boost.BoostPad_Small","Materials":["Pickup_Boost.Materials.BoostPad_Small_MIC"]},{"name":"StaticMeshActor_SMC_67","Translation":[-1536,1024,0],"Rotation":[0,-179.994629,0],"StaticMesh":"Pickup_Boost.BoostPad_Small","Materials":["Pickup_Boost.Materials.BoostPad_Small_MIC"]},{"name":"StaticMeshActor_SMC_68","Translation":[-511.9999,512,0],"Rotation":[0,44.9986572,0],"StaticMesh":"Pickup_Boost.BoostPad_Small","Materials":["Pickup_Boost.Materials.BoostPad_Small_MIC"]},{"name":"StaticMeshActor_SMC_69","Translation":[-1536,-1024,0],"StaticMesh":"Pickup_Boost.BoostPad_Small","Materials":["Pickup_Boost.Materials.BoostPad_Small_MIC"]},{"name":"StaticMeshActor_SMC_72","Translation":[1536,-1024,0],"StaticMesh":"Pickup_Boost.BoostPad_Small","Materials":["Pickup_Boost.Materials.BoostPad_Small_MIC"]},{"name":"StaticMeshActor_SMC_74","Translation":[1280,-2304,0],"Rotation":[0,165.932556,0],"StaticMesh":"Pickup_Boost.BoostPad_Small","Materials":["Pickup_Boost.Materials.BoostPad_Small_MIC"]},{"name":"StaticMeshActor_SMC_75","Translation":[-1280,-2304,0],"Rotation":[0,-165.932556,0],"StaticMesh":"Pickup_Boost.BoostPad_Small","Materials":["Pickup_Boost.Materials.BoostPad_Small_MIC"]},{"name":"StaticMeshActor_SMC_78","Translation":[2176,2944,7.999999],"Rotation":[0,-164.921829,0],"Scale":[-1,1,1],"StaticMesh":"Pickup_Boost.BoostPad_Large","Materials":["Pickup_Boost.Materials.BoostPad_Large_MIC"]},{"name":"StaticMeshActor_SMC_79","Translation":[-2176,2944,7.999999],"Rotation":[0,165.00972,0],"Scale":[-1,1,1],"StaticMesh":"Pickup_Boost.BoostPad_Large","Materials":["Pickup_Boost.Materials.BoostPad_Large_MIC"]},{"name":"StaticMeshActor_SMC_80","Translation":[2432,-0.000214,7.999999],"Rotation":[0,-89.9973145,0],"StaticMesh":"Pickup_Boost.BoostPad_Large","Materials":["Pickup_Boost.Materials.BoostPad_Large_MIC"]},{"name":"StaticMeshActor_SMC_81","Translation":[2176,-2944,7.999999],"Rotation":[0,-15.0727921,0],"StaticMesh":"Pickup_Boost.BoostPad_Large","Materials":["Pickup_Boost.Materials.BoostPad_Large_MIC"]},{"name":"StaticMeshActor_SMC_83","Translation":[-2432,-0.000214,7.999999],"Rotation":[0,89.9973145,0],"StaticMesh":"Pickup_Boost.BoostPad_Large","Materials":["Pickup_Boost.Materials.BoostPad_Large_MIC"]},{"name":"StaticMeshActor_SMC_84","Translation":[1536,1024,0],"Rotation":[0,-179.994629,0],"StaticMesh":"Pickup_Boost.BoostPad_Small","Materials":["Pickup_Boost.Materials.BoostPad_Small_MIC"]},{"name":"StaticMeshActor_SMC_85","Translation":[-2176,-2944,7.999999],"Rotation":[0,14.9849043,0],"StaticMesh":"Pickup_Boost.BoostPad_Large","Materials":["Pickup_Boost.Materials.BoostPad_Large_MIC"]}]},{"name":"MeshCollector2","subNodes":[{"name":"StaticMeshActor_SMC_129","Translation":[3504.005,4000,943.9976],"Rotation":[0,44.9986572,0],"Scale":[9.399507,9.399507,9.399507],"StaticMesh":"EngineMeshes.Cube","Materials":["CollisionMeshes.Collision_Mat"]},{"name":"StaticMeshActor_SMC_132","Translation":[0,431.9998,0],"Rotation":[0,-179.994629,0],"Scale":[-0.9,0.9,0.9],"StaticMesh":"Proto_BBall.SM.Net_Rim","Materials":["Proto_BBall.Materials.BBall_Rim_MAT_INST"]},{"name":"StaticMeshActor_SMC_136","Translation":[0,-431.9999,0],"Scale":[0.9,0.9,0.9],"StaticMesh":"Proto_BBall.SM.Net_Rim","Materials":["Proto_BBall.Materials.BBall_Rim2_MAT_INST"]},{"name":"StaticMeshActor_SMC_146","Translation":[0,431.9998,0],"Rotation":[0,-179.994629,0],"Scale":[-0.9,0.9,0.9],"StaticMesh":"Proto_BBall.SM.Net_Collision","Materials":["Proto_BBall.Materials.BBall_Net_MAT_INST"]},{"name":"StaticMeshActor_SMC_147","Translation":[0,-431.9999,0],"Scale":[0.9,0.9,0.9],"StaticMesh":"Proto_BBall.SM.Net_Collision","Materials":["Proto_BBall.Materials.BBall_Net_MAT_INST"]},{"name":"StaticMeshActor_SMC_199","Rotation":[0,-179.994629,0],"StaticMesh":"Proto_BBall.Collision.SideRamps01","Materials":["CollisionMeshes.Collision_Mat"]},{"name":"StaticMeshActor_SMC_200","Rotation":[0,-179.994629,0],"StaticMesh":"Proto_BBall.Collision.SideRamps02","Materials":["CollisionMeshes.Collision_Mat"]},{"name":"StaticMeshActor_SMC_211","StaticMesh":"Proto_BBall.Collision.SideRamps01","Materials":["CollisionMeshes.Collision_Mat"]},{"name":"StaticMeshActor_SMC_212","StaticMesh":"Proto_BBall.Collision.SideRamps02","Materials":["CollisionMeshes.Collision_Mat"]},{"name":"StaticMeshActor_SMC_213","Translation":[0.0000895209,0,0],"Scale":[1,-1,1],"StaticMesh":"Proto_BBall.Collision.CornerPiece01","Materials":["CollisionMeshes.Collision_Mat"]},{"name":"StaticMeshActor_SMC_214","Translation":[0.0000895209,0,0],"Rotation":[0,-179.994629,0],"Scale":[1,-1,1],"StaticMesh":"Proto_BBall.Collision.CornerPiece01","Materials":["CollisionMeshes.Collision_Mat"]},{"name":"StaticMeshActor_SMC_215","StaticMesh":"Proto_BBall.Collision.CornerPiece01","Materials":["CollisionMeshes.Collision_Mat"]},{"name":"StaticMeshActor_SMC_216","Rotation":[0,-179.994629,0],"StaticMesh":"Proto_BBall.Collision.CornerPiece01","Materials":["CollisionMeshes.Collision_Mat"]},{"name":"StaticMeshActor_SMC_217","Translation":[0.001709,0.003418,1819.996],"Rotation":[0,-179.994629,-179.994629],"StaticMesh":"CollisionMeshes.Plane32768","Materials":["CollisionMeshes.Collision_Mat"]},{"name":"StaticMeshActor_SMC_218","Translation":[0.00144,-3581.003,2047.996],"Rotation":[0,0,89.9973145],"StaticMesh":"CollisionMeshes.Plane32768","Materials":["CollisionMeshes.Collision_Mat"]},{"name":"StaticMeshActor_SMC_219","Translation":[0.001440437,3581.003,2047.996],"Rotation":[0,-179.994629,89.9973145],"StaticMesh":"CollisionMeshes.Plane32768","Materials":["CollisionMeshes.Collision_Mat"]},{"name":"StaticMeshActor_SMC_220","Translation":[2966.67,0,2047.996],"Rotation":[0,89.9973145,89.9973145],"StaticMesh":"CollisionMeshes.Plane32768","Materials":["CollisionMeshes.Collision_Mat"]},{"name":"StaticMeshActor_SMC_223","Translation":[-3411.995,-4096,943.9976],"Rotation":[0,134.995972,0],"Scale":[-9.399507,9.399507,9.399507],"StaticMesh":"EngineMeshes.Cube","Materials":["CollisionMeshes.Collision_Mat"]},{"name":"StaticMeshActor_SMC_225","Translation":[3504.005,-4000,943.9976],"Rotation":[0,134.995972,0],"Scale":[-9.399507,9.399507,9.399507],"StaticMesh":"EngineMeshes.Cube","Materials":["CollisionMeshes.Collision_Mat"]},{"name":"StaticMeshActor_SMC_226","Translation":[-3411.995,4096,943.9976],"Rotation":[0,44.9986572,0],"Scale":[9.399507,9.399507,9.399507],"StaticMesh":"EngineMeshes.Cube","Materials":["CollisionMeshes.Collision_Mat"]},{"name":"StaticMeshActor_SMC_36","StaticMesh":"CollisionMeshes.Plane32768","Materials":["CollisionMeshes.Collision_Mat"]},{"name":"StaticMeshActor_SMC_73","Translation":[-2966.67,0,2047.996],"Rotation":[0,-89.9973145,89.9973145],"StaticMesh":"CollisionMeshes.Plane32768","Materials":["CollisionMeshes.Collision_Mat"]}]},{"name":"MeshCollector3","subNodes":[{"name":"StaticMeshActor_SMC_139","Translation":[-10768,5425.702,11368.99],"Rotation":[0,-177.028412,0],"Scale":[0.3,0.3,0.3],"StaticMesh":"Stadium_CountryFlags.Meshes.Flag_NoPole_Vertical","Materials":null},{"name":"StaticMeshActor_SMC_140","Translation":[-10698.64,4165.864,11487.37],"Rotation":[0,-178.324753,0],"Scale":[0.3,0.3,0.3],"StaticMesh":"Stadium_CountryFlags.Meshes.Flag_NoPole_Vertical","Materials":null},{"name":"StaticMeshActor_SMC_141","Translation":[-10670.07,3187.875,11578.8],"Rotation":[0,-178.324753,0],"Scale":[0.3,0.3,0.3],"StaticMesh":"Stadium_CountryFlags.Meshes.Flag_NoPole_Vertical","Materials":null},{"name":"StaticMeshActor_SMC_142","Translation":[-10640,2158.539,11675.03],"Rotation":[0,-178.324753,0],"Scale":[0.3,0.3,0.3],"StaticMesh":"Stadium_CountryFlags.Meshes.Flag_NoPole_Vertical","Materials":null},{"name":"StaticMeshActor_SMC_143","Translation":[-10608,1175.354,11765.14],"Rotation":[0,-179.994629,0],"Scale":[0.3,0.3,0.3],"StaticMesh":"Stadium_CountryFlags.Meshes.Flag_NoPole_Vertical","Materials":null},{"name":"StaticMeshActor_SMC_144","Translation":[-6144.009,-2048,0.000122],"StaticMesh":"SmallStadium_Assets.Meshes.Modular.Stadium_Mid_Rail_Trans","Materials":["Stadium.Materials.HandRail_UnderGlow_MIC"]},{"name":"StaticMeshActor_SMC_145","Translation":[6143.994,-8192.002,0],"Rotation":[0,89.9973145,0],"StaticMesh":"SmallStadium_Assets.Meshes.Modular.Stadium_Corner_Crowd_01","Materials":["SmallStadium_Assets.Materials.Crowd_Team1_Mic"]},{"name":"StaticMeshActor_SMC_148","Rotation":[0,-179.994629,0],"Scale":[-1,1,1],"StaticMesh":"Proto_BBall.SM.BBall_HoopBackBoard_02","Materials":["Proto_BBall.Materials.BBall_DarkMetal_MIC","OldCosmic_Assets.Materials.OLDCosmicGlass1","Proto_BBall.SM.BackBoard_Teams_MIC","Proto_BBall.Materials.BBall_Rubber_MIC","Proto_BBall.Materials.BBall_DarkMetal_MIC","Proto_BBall.Materials.BBall_Rubber_MIC"],"InvisiTekMaterials":["Stadium_Hoops_IVTK.BackBoard_Teams_MIC_IVTK","Stadium_Hoops_IVTK.BBall_DarkMetal_Mat_HoopFrame_IVTK","Stadium_Hoops_IVTK.BBall_Rubber_HoopFrame_MIC_IVTK"]},{"name":"StaticMeshActor_SMC_149","StaticMesh":"Proto_BBall.SM.BBall_HoopBackBoard_02","Materials":["Proto_BBall.Materials.BBall_DarkMetal_MIC","OldCosmic_Assets.Materials.OLDCosmicGlass1","Proto_BBall.SM.BackBoard_Teams_MIC","Proto_BBall.Materials.BBall_Rubber_MIC","Proto_BBall.Materials.BBall_DarkMetal_MIC","Proto_BBall.Materials.BBall_Rubber_MIC"],"InvisiTekMaterials":["Stadium_Hoops_IVTK.BackBoard_Teams_MIC_IVTK","Stadium_Hoops_IVTK.BBall_DarkMetal_Mat_HoopFrame_IVTK","Stadium_Hoops_IVTK.BBall_Rubber_HoopFrame_MIC_IVTK"]},{"name":"StaticMeshActor_SMC_160","StaticMesh":"Proto_BBall.SM.BBall_Hoop_03","Materials":["Shared_FromTrailer_Assets.Materials.DarkMetal_Mat"]},{"name":"StaticMeshActor_SMC_161","Rotation":[0,-179.994629,0],"Scale":[-1,1,1],"StaticMesh":"Proto_BBall.SM.BBall_Hoop_03","Materials":["Shared_FromTrailer_Assets.Materials.DarkMetal_Mat"]},{"name":"StaticMeshActor_SMC_163","Rotation":[0,-179.994629,0],"StaticMesh":"Proto_BBall.SM.BBall_Scoreboard_01","Materials":["Adverts.Materials.2x1_B_MIC","Proto_BBall.Materials.BBall_DarkMetal_Mat","Labs_Assets.Materials.MAT_Labs_PitchTrim","Proto_BBall.Materials.BBall_PsyonixLogo_MAT"]},{"name":"StaticMeshActor_SMC_164","Rotation":[0,-179.994629,0],"StaticMesh":"Proto_BBall.SM.BBall_Scoreboard_02","Materials":["Proto_BBall.Materials.BBall_DarkMetal_Mat"]},{"name":"StaticMeshActor_SMC_168","StaticMesh":"Proto_BBall.SM.BBall_OuterWalls_01","Materials":["Proto_BBall.Materials.BBall_Outer_MAT"]},{"name":"StaticMeshActor_SMC_171","Translation":[-11048.45,9377.059,10950.66],"Rotation":[0,-174.8312,0],"Scale":[0.3,0.3,0.3],"StaticMesh":"Stadium_CountryFlags.Meshes.Flag_NoPole_Vertical","Materials":null},{"name":"StaticMeshActor_SMC_172","Translation":[-10962.39,8426.627,11054.96],"Rotation":[0,-174.8312,0],"Scale":[0.3,0.3,0.3],"StaticMesh":"Stadium_CountryFlags.Meshes.Flag_NoPole_Vertical","Materials":null},{"name":"StaticMeshActor_SMC_174","Translation":[-6528,-5120,6272],"Rotation":[0,90.3269,0],"Scale":[8,8,8],"StaticMesh":"UtopiaStadium_Assets_B.Meshes.BigBanner_SM","Materials":["UtopiaStadium_Assets_B.Materials.BigBannerLogo_MAT"]},{"name":"StaticMeshActor_SMC_176","Translation":[-6528,-3072,6272],"Rotation":[0,90.3269,0],"Scale":[8,8,8],"StaticMesh":"UtopiaStadium_Assets_B.Meshes.BigBanner_SM","Materials":["UtopiaStadium_Assets_B.Materials.BigBannerLogo_MAT"]},{"name":"StaticMeshActor_SMC_177","Translation":[-6548.666,5148.053,6334.131],"Rotation":[0,90.3269,0],"Scale":[8,8,8],"StaticMesh":"UtopiaStadium_Assets_B.Meshes.BigBanner_SM","Materials":["UtopiaStadium_Assets_B.Materials.BigBannerLogo_MAT"]},{"name":"StaticMeshActor_SMC_178","Translation":[-6548.665,3100.049,6334.131],"Rotation":[0,90.3269,0],"Scale":[8,8,8],"StaticMesh":"UtopiaStadium_Assets_B.Meshes.BigBanner_SM","Materials":["UtopiaStadium_Assets_B.Materials.BigBannerLogo_MAT"]},{"name":"StaticMeshActor_SMC_179","Translation":[-6548.667,1052.054,6334.131],"Rotation":[0,90.3269,0],"Scale":[8,8,8],"StaticMesh":"UtopiaStadium_Assets_B.Meshes.BigBanner_SM","Materials":["UtopiaStadium_Assets_B.Materials.BigBannerLogo_MAT"]},{"name":"StaticMeshActor_SMC_180","Translation":[-6548.666,-995.9462,6334.131],"Rotation":[0,90.3269,0],"Scale":[8,8,8],"StaticMesh":"UtopiaStadium_Assets_B.Meshes.BigBanner_SM","Materials":["UtopiaStadium_Assets_B.Materials.BigBannerLogo_MAT"]},{"name":"StaticMeshActor_SMC_181","Translation":[3072,8575.975,6272],"Rotation":[0,0.32958,0],"Scale":[8,8,8],"StaticMesh":"UtopiaStadium_Assets_B.Meshes.BigBanner_SM","Materials":["UtopiaStadium_Assets_B.Materials.BigBannerLogo_MAT"]},{"name":"StaticMeshActor_SMC_182","Translation":[1024,8575.985,6272],"Rotation":[0,0.32958,0],"Scale":[8,8,8],"StaticMesh":"UtopiaStadium_Assets_B.Meshes.BigBanner_SM","Materials":["UtopiaStadium_Assets_B.Materials.BigBannerLogo_MAT"]},{"name":"StaticMeshActor_SMC_183","Translation":[-1024,8575.992,6272],"Rotation":[0,0.32958,0],"Scale":[8,8,8],"StaticMesh":"UtopiaStadium_Assets_B.Meshes.BigBanner_SM","Materials":["UtopiaStadium_Assets_B.Materials.BigBannerLogo_MAT"]},{"name":"StaticMeshActor_SMC_184","Translation":[-3072,8576,6272],"Rotation":[0,0.32958,0],"Scale":[8,8,8],"StaticMesh":"UtopiaStadium_Assets_B.Meshes.BigBanner_SM","Materials":["UtopiaStadium_Assets_B.Materials.BigBannerLogo_MAT"]},{"name":"StaticMeshActor_SMC_185","Translation":[6635.333,3100.056,6334.131],"Rotation":[0,-89.66773,0],"Scale":[8,8,8],"StaticMesh":"UtopiaStadium_Assets_B.Meshes.BigBanner_SM","Materials":["UtopiaStadium_Assets_B.Materials.BigBannerLogo_MAT"]},{"name":"StaticMeshActor_SMC_186","Translation":[6635.333,5148.056,6334.131],"Rotation":[0,-89.66773,0],"Scale":[8,8,8],"StaticMesh":"UtopiaStadium_Assets_B.Meshes.BigBanner_SM","Materials":["UtopiaStadium_Assets_B.Materials.BigBannerLogo_MAT"]},{"name":"StaticMeshActor_SMC_190","Translation":[6635.333,-5091.944,6334.131],"Rotation":[0,-89.66773,0],"Scale":[8,8,8],"StaticMesh":"UtopiaStadium_Assets_B.Meshes.BigBanner_SM","Materials":["UtopiaStadium_Assets_B.Materials.BigBannerLogo_MAT"]},{"name":"StaticMeshActor_SMC_191","Translation":[6635.333,-3043.944,6334.131],"Rotation":[0,-89.66773,0],"Scale":[8,8,8],"StaticMesh":"UtopiaStadium_Assets_B.Meshes.BigBanner_SM","Materials":["UtopiaStadium_Assets_B.Materials.BigBannerLogo_MAT"]},{"name":"StaticMeshActor_SMC_192","Translation":[6635.333,-995.9441,6334.131],"Rotation":[0,-89.66773,0],"Scale":[8,8,8],"StaticMesh":"UtopiaStadium_Assets_B.Meshes.BigBanner_SM","Materials":["UtopiaStadium_Assets_B.Materials.BigBannerLogo_MAT"]},{"name":"StaticMeshActor_SMC_193","Translation":[6635.333,1052.056,6334.131],"Rotation":[0,-89.66773,0],"Scale":[8,8,8],"StaticMesh":"UtopiaStadium_Assets_B.Meshes.BigBanner_SM","Materials":["UtopiaStadium_Assets_B.Materials.BigBannerLogo_MAT"]},{"name":"StaticMeshActor_SMC_194","Translation":[-3092.667,-8675.932,6334.131],"Rotation":[0,-179.665054,0],"Scale":[8,8,8],"StaticMesh":"UtopiaStadium_Assets_B.Meshes.BigBanner_SM","Materials":["UtopiaStadium_Assets_B.Materials.BigBannerLogo_MAT"]},{"name":"StaticMeshActor_SMC_195","Translation":[-1044.668,-8675.938,6334.131],"Rotation":[0,-179.665054,0],"Scale":[8,8,8],"StaticMesh":"UtopiaStadium_Assets_B.Meshes.BigBanner_SM","Materials":["UtopiaStadium_Assets_B.Materials.BigBannerLogo_MAT"]},{"name":"StaticMeshActor_SMC_196","Translation":[1003.333,-8675.94,6334.131],"Rotation":[0,-179.665054,0],"Scale":[8,8,8],"StaticMesh":"UtopiaStadium_Assets_B.Meshes.BigBanner_SM","Materials":["UtopiaStadium_Assets_B.Materials.BigBannerLogo_MAT"]},{"name":"StaticMeshActor_SMC_197","Translation":[3051.333,-8675.943,6334.131],"Rotation":[0,-179.665054,0],"Scale":[8,8,8],"StaticMesh":"UtopiaStadium_Assets_B.Meshes.BigBanner_SM","Materials":["UtopiaStadium_Assets_B.Materials.BigBannerLogo_MAT"]},{"name":"StaticMeshActor_SMC_201","Rotation":[0,-179.994629,0],"StaticMesh":"SmallStadium_Assets.Meshes.Modular.Stadium_Corner_Ads_03","Materials":["Adverts.Materials.Advert_Strip_Mat"]},{"name":"StaticMeshActor_SMC_202","Rotation":[0,-179.994629,0],"StaticMesh":"SmallStadium_Assets.Meshes.Modular.Stadium_Corner_Ads_02","Materials":["Adverts.Materials.Advert_Strip_Mat"]},{"name":"StaticMeshActor_SMC_203","Rotation":[0,-179.994629,0],"Scale":[-1,1,1],"StaticMesh":"Proto_BBall.SM.BBall_Hoop_02","Materials":["Proto_BBall.Materials.BBall_DarkMetal_MIC","Proto_BBall.Materials.BBall_DarkMetal_MIC"],"InvisiTekMaterials":["Stadium_Hoops_IVTK.BBall_DarkMetal_MIC_IVTK","Stadium_Hoops_IVTK.BBall_DarkMetal_Mat_HoopFrame_IVTK"]},{"name":"StaticMeshActor_SMC_204","StaticMesh":"SmallStadium_Assets.Meshes.Modular.Stadium_Corner_Ads_03","Materials":["Adverts.Materials.Advert_Strip_Mat"]},{"name":"StaticMeshActor_SMC_205","StaticMesh":"Proto_BBall.SM.BBall_Hoop_02","Materials":["Proto_BBall.Materials.BBall_DarkMetal_MIC","Proto_BBall.Materials.BBall_DarkMetal_MIC"],"InvisiTekMaterials":["Stadium_Hoops_IVTK.BBall_DarkMetal_MIC_IVTK","Stadium_Hoops_IVTK.BBall_DarkMetal_Mat_HoopFrame_IVTK"]},{"name":"StaticMeshActor_SMC_207","Rotation":[0,-179.994629,0],"Scale":[-1,1,1],"StaticMesh":"Proto_BBall.SM.BBall_HoopRim_02","Materials":["Proto_BBall.Materials.BBall_Rim2_MAT_INST","Labs_Assets.Materials.MAT_Labs_PitchTrim"],"InvisiTekMaterials":["Stadium_Hoops_IVTK.BBall_Rim2_MAT_INST_IVTK"]},{"name":"StaticMeshActor_SMC_209","StaticMesh":"SmallStadium_Assets.Meshes.Modular.Stadium_Corner_Ads_02","Materials":["Adverts.Materials.Advert_Strip_Mat"]},{"name":"StaticMeshActor_SMC_221","Translation":[-6144,8191.999,0],"Rotation":[0,-89.9973145,0],"StaticMesh":"SmallStadium_Assets.Meshes.Modular.Stadium_Corner_Crowd_04","Materials":["SmallStadium_Assets.Materials.Crowd_Team2_Mic"]},{"name":"StaticMeshActor_SMC_227","Translation":[0,0,-64],"Scale":[0.625,0.8,0.25],"StaticMesh":"FX_General.Meshes.CylinderSheet","Materials":["Wasteland_Assets_B.Materials.FogRing_Mat"]}]},{"name":"SceneCaptureCubeMapActor_2","Location":[0,0,415.9999],"StaticMesh":"TheWorld.PersistentLevel.SceneCaptureCubeMapActor_2.StaticMeshComponent_111","subNodes":[{"name":"StaticMeshComponent_111","Materials":null}]},{"name":"StaticMeshActor_124","Location":[0,-0.000244,0],"Rotation":[0,-179.994629,0],"subNodes":[{"name":"StaticMeshComponent_354","StaticMesh":"SmallStadium_Assets.Meshes.CamFlashDummy","Materials":null}]},{"name":"StaticMeshActor_125","subNodes":[{"name":"StaticMeshComponent_354","StaticMesh":"SmallStadium_Assets.Meshes.CamFlashDummy","Materials":null}]},{"name":"StaticMeshActor_126","Location":[0,-0.000122,0],"Scale":[-1,1,1],"subNodes":[{"name":"StaticMeshComponent_354","StaticMesh":"SmallStadium_Assets.Meshes.CamFlashDummy","Materials":null}]},{"name":"StaticMeshActor_88","Location":[0,-0.000122,0],"Rotation":[0,-179.994629,0],"Scale":[-1,1,1],"subNodes":[{"name":"StaticMeshComponent_354","StaticMesh":"SmallStadium_Assets.Meshes.CamFlashDummy","Materials":null}]}]}]}]